<?xml version='1.0' encoding='ISO-8859-1'?>
<?xml-stylesheet type='text/xsl' href='image_metadata_stylesheet.xsl'?>
<dataset>
<name>dlib face detection dataset generated by ImgLab</name>
<comment>
    This dataset is manually crafted or adjusted using ImgLab web tool
    Check more detail on https://github.com/NaturalIntelligence/imglab
</comment>
<images>	<image file='S1-P7-F-39-1.jpg'>
		<box top='78' left='213' width='253' height='364'>
			<label>Hand</label>
		</box>
	</image>
	<image file='S1-P9-F-11-1.jpg'>
		<box top='133' left='27' width='328' height='340'>
			<label>Hand</label>
		</box>
	</image>
	<image file='S1-P9-F-11-3.jpg'>
		<box top='145' left='17' width='328' height='334'>
			<label>Hand</label>
		</box>
	</image>
	<image file='S1-P1-F-11-5.jpg'>
		<box top='132' left='84' width='283' height='264'>
			<label>Hand</label>
		</box>
	</image>
	<image file='S1-P7-F-39-2.jpg'>
		<box top='81' left='216' width='252' height='360'>
			<label>Hand</label>
		</box>
	</image>
	<image file='S1-P7-F-39-3.jpg'>
		<box top='81' left='212' width='255' height='358'>
			<label>Hand</label>
		</box>
	</image>
	<image file='S1-P1-F-11-4.jpg'>
		<box top='183' left='112' width='244' height='273'>
			<label>Hand</label>
		</box>
	</image>
	<image file='S1-P9-F-11-2.jpg'>
		<box top='142' left='22' width='328' height='336'>
			<label>Hand</label>
		</box>
	</image>
	<image file='S1-P1-F-11-1.jpg'>
		<box top='146' left='122' width='229' height='256'>
			<label>Hand</label>
		</box>
	</image>
	<image file='S1-P9-F-11-5.jpg'>
		<box top='68' left='27' width='302' height='324'>
			<label>Hand</label>
		</box>
	</image>
	<image file='S1-P1-F-11-3.jpg'>
		<box top='225' left='63' width='264' height='254'>
			<label>Hand</label>
		</box>
	</image>
	<image file='S1-P7-F-39-4.jpg'>
		<box top='81' left='207' width='248' height='360'>
			<label>Hand</label>
		</box>
	</image>
	<image file='S1-P7-F-39-5.jpg'>
		<box top='80' left='215' width='239' height='365'>
			<label>Hand</label>
		</box>
	</image>
	<image file='S1-P1-F-11-2.jpg'>
		<box top='190' left='105' width='246' height='272'>
			<label>Hand</label>
		</box>
	</image>
	<image file='S1-P9-F-11-4.jpg'>
		<box top='65' left='16' width='312' height='323'>
			<label>Hand</label>
		</box>
	</image>
	<image file='S1-P2-F-46-1.jpg'>
		<box top='169' left='152' width='286' height='307'>
			<label>Hand</label>
		</box>
	</image>
	<image file='S1-P2-F-46-2.jpg'>
		<box top='166' left='120' width='319' height='308'>
			<label>Hand</label>
		</box>
	</image>
	<image file='S1-P4-F-16-5.jpg'>
		<box top='188' left='110' width='243' height='274'>
			<label>Hand</label>
		</box>
	</image>
	<image file='S1-P4-F-16-4.jpg'>
		<box top='187' left='121' width='233' height='264'>
			<label>Hand</label>
		</box>
	</image>
	<image file='S1-P2-F-46-3.jpg'>
		<box top='168' left='131' width='308' height='305'>
			<label>Hand</label>
		</box>
	</image>
	<image file='S1-P4-F-16-1.jpg'>
		<box top='175' left='134' width='237' height='274'>
			<label>Hand</label>
		</box>
	</image>
	<image file='S1-P4-F-16-3.jpg'>
		<box top='183' left='119' width='241' height='269'>
			<label>Hand</label>
		</box>
	</image>
	<image file='S1-P2-F-46-4.jpg'>
		<box top='169' left='141' width='297' height='307'>
			<label>Hand</label>
		</box>
	</image>
	<image file='S1-P2-F-46-5.jpg'>
		<box top='169' left='146' width='291' height='305'>
			<label>Hand</label>
		</box>
	</image>
	<image file='S1-P4-F-16-2.jpg'>
		<box top='178' left='128' width='241' height='270'>
			<label>Hand</label>
		</box>
	</image>
	<image file='S1-P5-F-15-1.jpg'>
		<box top='135' left='73' width='330' height='331'>
			<label>Hand</label>
		</box>
	</image>
	<image file='S1-P5-F-15-2.jpg'>
		<box top='138' left='51' width='353' height='339'>
			<label>Hand</label>
		</box>
	</image>
	<image file='S1-P5-F-15-3.jpg'>
		<box top='135' left='75' width='330' height='343'>
			<label>Hand</label>
		</box>
	</image>
	<image file='S1-P5-F-15-4.jpg'>
		<box top='135' left='81' width='322' height='343'>
			<label>Hand</label>
		</box>
	</image>
	<image file='S1-P5-F-15-5.jpg'>
		<box top='139' left='87' width='315' height='329'>
			<label>Hand</label>
		</box>
	</image>
	<image file='S1-P10-F-9-1.jpg'>
		<box top='131' left='-1' width='350' height='347'>
			<label>Hand</label>
		</box>
	</image>
	<image file='S1-P3-F-42-3.jpg'>
		<box top='175' left='156' width='259' height='302'>
			<label>Hand</label>
		</box>
	</image>
	<image file='S1-P3-F-42-2.jpg'>
		<box top='172' left='182' width='243' height='305'>
			<label>Hand</label>
		</box>
	</image>
	<image file='S1-P8-F-36-5.jpg'>
		<box top='113' left='161' width='324' height='364'>
			<label>Hand</label>
		</box>
	</image>
	<image file='S1-P10-F-9-2.jpg'>
		<box top='121' left='7' width='341' height='356'>
			<label>Hand</label>
		</box>
	</image>
	<image file='S1-P6-M-40-4.jpg'>
		<box top='42' left='230' width='338' height='436'>
			<label>Hand</label>
		</box>
	</image>
	<image file='S1-P3-F-42-1.jpg'>
		<box top='167' left='184' width='239' height='310'>
			<label>Hand</label>
		</box>
	</image>
	<image file='S1-P6-M-40-5.jpg'>
		<box top='61' left='204' width='333' height='411'>
			<label>Hand</label>
		</box>
	</image>
	<image file='S1-P10-F-9-3.jpg'>
		<box top='85' left='37' width='342' height='348'>
			<label>Hand</label>
		</box>
	</image>
	<image file='S1-P8-F-36-4.jpg'>
		<box top='115' left='185' width='318' height='354'>
			<label>Hand</label>
		</box>
	</image>
	<image file='S1-P3-F-42-5.jpg'>
		<box top='152' left='139' width='277' height='324'>
			<label>Hand</label>
		</box>
	</image>
	<image file='S1-P6-M-40-1.jpg'>
		<box top='87' left='6' width='378' height='361'>
			<label>Hand</label>
		</box>
	</image>
	<image file='S1-P3-F-42-4.jpg'>
		<box top='147' left='150' width='270' height='329'>
			<label>Hand</label>
		</box>
	</image>
	<image file='S1-P8-F-36-1.jpg'>
		<box top='107' left='153' width='322' height='371'>
			<label>Hand</label>
		</box>
	</image>
	<image file='S1-P8-F-36-3.jpg'>
		<box top='113' left='176' width='328' height='363'>
			<label>Hand</label>
		</box>
	</image>
	<image file='S1-P10-F-9-4.jpg'>
		<box top='107' left='18' width='351' height='371'>
			<label>Hand</label>
		</box>
	</image>
	<image file='S1-P6-M-40-2.jpg'>
		<box top='88' left='17' width='368' height='338'>
			<label>Hand</label>
		</box>
	</image>
	<image file='S1-P6-M-40-3.jpg'>
		<box top='89' left='31' width='351' height='362'>
			<label>Hand</label>
		</box>
	</image>
	<image file='S1-P10-F-9-5.jpg'>
		<box top='97' left='157' width='350' height='360'>
			<label>Hand</label>
		</box>
	</image>
	<image file='S1-P8-F-36-2.jpg'>
		<box top='113' left='169' width='314' height='355'>
			<label>Hand</label>
		</box>
	</image>
	<image file='S1-P19-M-16-5.jpg'>
		<box top='67' left='22' width='339' height='333'>
			<label>Hand</label>
		</box>
	</image>
	<image file='S1-P19-M-16-4.jpg'>
		<box top='71' left='52' width='304' height='334'>
			<label>Hand</label>
		</box>
	</image>
	<image file='S1-P19-M-16-3.jpg'>
		<box top='70' left='42' width='319' height='332'>
			<label>Hand</label>
		</box>
	</image>
	<image file='S1-P19-M-16-2.jpg'>
		<box top='77' left='48' width='317' height='322'>
			<label>Hand</label>
		</box>
	</image>
	<image file='S1-P19-M-16-1.jpg'>
		<box top='75' left='62' width='311' height='349'>
			<label>Hand</label>
		</box>
	</image>
	<image file='S1-P11-F-11-5.jpg'>
		<box top='167' left='97' width='255' height='300'>
			<label>Hand</label>
		</box>
	</image>
	<image file='S1-P17-M-45-5.jpg'>
		<box top='118' left='312' width='264' height='351'>
			<label>Hand</label>
		</box>
	</image>
	<image file='S1-P17-M-45-4.jpg'>
		<box top='47' left='278' width='258' height='335'>
			<label>Hand</label>
		</box>
	</image>
	<image file='S1-P11-F-11-4.jpg'>
		<box top='172' left='93' width='252' height='298'>
			<label>Hand</label>
		</box>
	</image>
	<image file='S1-P14-F-11-1.jpg'>
		<box top='94' left='32' width='327' height='362'>
			<label>Hand</label>
		</box>
	</image>
	<image file='S1-P14-F-11-3.jpg'>
		<box top='120' left='63' width='310' height='349'>
			<label>Hand</label>
		</box>
	</image>
	<image file='S1-P13-F-10-4.jpg'>
		<box top='182' left='78' width='336' height='272'>
			<label>Hand</label>
		</box>
	</image>
	<image file='S1-P13-F-10-5.jpg'>
		<box top='178' left='90' width='323' height='273'>
			<label>Hand</label>
		</box>
	</image>
	<image file='S1-P14-F-11-2.jpg'>
		<box top='109' left='53' width='321' height='353'>
			<label>Hand</label>
		</box>
	</image>
	<image file='S1-P13-F-10-1.jpg'>
		<box top='166' left='113' width='305' height='271'>
			<label>Hand</label>
		</box>
	</image>
	<image file='S1-P11-F-11-3.jpg'>
		<box top='167' left='109' width='262' height='300'>
			<label>Hand</label>
		</box>
	</image>
	<image file='S1-P17-M-45-3.jpg'>
		<box top='43' left='259' width='273' height='339'>
			<label>Hand</label>
		</box>
	</image>
	<image file='S1-P17-M-45-2.jpg'>
		<box top='110' left='265' width='300' height='336'>
			<label>Hand</label>
		</box>
	</image>
	<image file='S1-P11-F-11-2.jpg'>
		<box top='162' left='91' width='269' height='293'>
			<label>Hand</label>
		</box>
	</image>
	<image file='S1-P14-F-11-5.jpg'>
		<box top='88' left='71' width='344' height='363'>
			<label>Hand</label>
		</box>
	</image>
	<image file='S1-P13-F-10-2.jpg'>
		<box top='166' left='110' width='304' height='275'>
			<label>Hand</label>
		</box>
	</image>
	<image file='S1-P17-M-45-1.jpg'>
		<box top='114' left='294' width='279' height='346'>
			<label>Hand</label>
		</box>
	</image>
	<image file='S1-P11-F-11-1.jpg'>
		<box top='170' left='125' width='240' height='287'>
			<label>Hand</label>
		</box>
	</image>
	<image file='S1-P13-F-10-3.jpg'>
		<box top='171' left='76' width='335' height='297'>
			<label>Hand</label>
		</box>
	</image>
	<image file='S1-P14-F-11-4.jpg'>
		<box top='79' left='67' width='347' height='367'>
			<label>Hand</label>
		</box>
	</image>
	<image file='S1-P18-M-16-3.jpg'>
		<box top='92' left='163' width='280' height='343'>
			<label>Hand</label>
		</box>
	</image>
	<image file='S1-P12-F-11-2.jpg'>
		<box top='189' left='53' width='293' height='275'>
			<label>Hand</label>
		</box>
	</image>
	<image file='S1-P12-F-11-3.jpg'>
		<box top='173' left='19' width='326' height='294'>
			<label>Hand</label>
		</box>
	</image>
	<image file='S1-P18-M-16-2.jpg'>
		<box top='91' left='179' width='297' height='372'>
			<label>Hand</label>
		</box>
	</image>
	<image file='S1-P12-F-11-1.jpg'>
		<box top='172' left='30' width='315' height='297'>
			<label>Hand</label>
		</box>
	</image>
	<image file='S1-P20-M-13-5.jpg'>
		<box top='65' left='95' width='316' height='348'>
			<label>Hand</label>
		</box>
	</image>
	<image file='S1-P15-M-34-4.jpg'>
		<box top='83' left='243' width='334' height='391'>
			<label>Hand</label>
		</box>
	</image>
	<image file='S1-P15-M-34-5.jpg'>
		<box top='89' left='273' width='319' height='379'>
			<label>Hand</label>
		</box>
	</image>
	<image file='S1-P20-M-13-4.jpg'>
		<box top='110' left='121' width='303' height='323'>
			<label>Hand</label>
		</box>
	</image>
	<image file='S1-P18-M-16-1.jpg'>
		<box top='86' left='180' width='297' height='368'>
			<label>Hand</label>
		</box>
	</image>
	<image file='S1-P18-M-16-5.jpg'>
		<box top='107' left='163' width='285' height='349'>
			<label>unlabelled</label>
		</box>
	</image>
	<image file='S1-P12-F-11-4.jpg'>
		<box top='188' left='47' width='305' height='279'>
			<label>Hand</label>
		</box>
	</image>
	<image file='S1-P12-F-11-5.jpg'>
		<box top='188' left='56' width='299' height='279'>
			<label>Hand</label>
		</box>
	</image>
	<image file='S1-P15-M-34-1.jpg'>
		<box top='84' left='231' width='336' height='366'>
			<label>Hand</label>
		</box>
	</image>
	<image file='S1-P20-M-13-1.jpg'>
		<box top='133' left='54' width='258' height='317'>
			<label>Hand</label>
		</box>
	</image>
	<image file='S1-P18-M-16-4.jpg'>
		<box top='93' left='166' width='278' height='349'>
			<label>Hand</label>
		</box>
	</image>
	<image file='S1-P20-M-13-3.jpg'>
		<box top='138' left='60' width='270' height='331'>
			<label>Hand</label>
		</box>
	</image>
	<image file='S1-P15-M-34-3.jpg'>
		<box top='90' left='268' width='337' height='382'>
			<label>Hand</label>
		</box>
	</image>
	<image file='S1-P15-M-34-2.jpg'>
		<box top='97' left='298' width='318' height='376'>
			<label>Hand</label>
		</box>
	</image>
	<image file='S1-P16-M-22-4.jpg'>
		<box top='143' left='213' width='305' height='327'>
			<label>Hand</label>
		</box>
	</image>
	<image file='S1-P20-M-13-2.jpg'>
		<box top='122' left='30' width='276' height='347'>
			<label>Hand</label>
		</box>
	</image>
	<image file='S1-P16-M-22-5.jpg'>
		<box top='143' left='217' width='300' height='325'>
			<label>Hand</label>
		</box>
	</image>
	<image file='S1-P16-M-22-2.jpg'>
		<box top='139' left='244' width='248' height='327'>
			<label>Hand</label>
		</box>
	</image>
	<image file='S1-P16-M-22-3.jpg'>
		<box top='140' left='207' width='280' height='326'>
			<label>Hand</label>
		</box>
	</image>
	<image file='S1-P16-M-22-1.jpg'>
		<box top='138' left='247' width='247' height='327'>
			<label>Hand</label>
		</box>
	</image>
	<image file='S1-P23-F-32-4.jpg'>
		<box top='184' left='232' width='253' height='249'>
			<label>hand</label>
		</box>
	</image>
	<image file='S1-P23-F-32-5.jpg'>
		<box top='190' left='233' width='252' height='246'>
			<label>Hand</label>
		</box>
	</image>
	<image file='S1-P24-F-37-4.jpg'>
		<box top='57' left='175' width='356' height='347'>
			<label>Hand</label>
		</box>
	</image>
	<image file='S1-P24-F-37-5.jpg'>
		<box top='54' left='199' width='356' height='352'>
			<label>Hand</label>
		</box>
	</image>
	<image file='S1-P24-F-37-1.jpg'>
		<box top='52' left='163' width='343' height='341'>
			<label>Hand</label>
		</box>
	</image>
	<image file='S1-P23-F-32-2.jpg'>
		<box top='171' left='221' width='260' height='259'>
			<label>Hand</label>
		</box>
	</image>
	<image file='S1-P23-F-32-3.jpg'>
		<box top='170' left='220' width='248' height='251'>
			<label>Hand</label>
		</box>
	</image>
	<image file='S1-P24-F-37-2.jpg'>
		<box top='68' left='168' width='339' height='339'>
			<label>Hand</label>
		</box>
	</image>
	<image file='S1-P23-F-32-1.jpg'>
		<box top='180' left='224' width='261' height='254'>
			<label>Hand</label>
		</box>
	</image>
	<image file='S1-P24-F-37-3.jpg'>
		<box top='59' left='169' width='359' height='343'>
			<label>Hand</label>
		</box>
	</image>
	<image file='S1-P30-M-10-3.jpg'>
		<box top='165' left='225' width='279' height='276'>
			<label>Hand</label>
		</box>
	</image>
	<image file='S1-P30-M-10-2.jpg'>
		<box top='167' left='230' width='277' height='276'>
			<label>Hand</label>
		</box>
	</image>
	<image file='S1-P29-F-29-1.jpg'>
		<box top='273' left='252' width='207' height='204'>
			<label>Hand</label>
		</box>
	</image>
	<image file='S1-P29-F-29-3.jpg'>
		<box top='197' left='176' width='232' height='250'>
			<label>Hand</label>
		</box>
	</image>
	<image file='S1-P30-M-10-1.jpg'>
		<box top='168' left='228' width='273' height='269'>
			<label>Hand</label>
		</box>
	</image>
	<image file='S1-P29-F-29-2.jpg'>
		<box top='197' left='175' width='236' height='254'>
			<label>Hand</label>
		</box>
	</image>
	<image file='S1-P30-M-10-5.jpg'>
		<box top='166' left='229' width='279' height='278'>
			<label>Hand</label>
		</box>
	</image>
	<image file='S1-P30-M-10-4.jpg'>
		<box top='166' left='229' width='273' height='277'>
			<label>Hand</label>
		</box>
	</image>
	<image file='S1-P29-F-29-5.jpg'>
		<box top='210' left='145' width='233' height='246'>
			<label>Hand</label>
		</box>
	</image>
	<image file='S1-P29-F-29-4.jpg'>
		<box top='206' left='153' width='236' height='246'>
			<label>Hand</label>
		</box>
	</image>
	<image file='S1-P27-F-30-5.jpg'>
		<box top='134' left='127' width='295' height='331'>
			<label>Hand</label>
		</box>
	</image>
	<image file='S1-P26-F-43-2.jpg'>
		<box top='112' left='167' width='286' height='287'>
			<label>Hand</label>
		</box>
	</image>
	<image file='S1-P22-F-14-1.jpg'>
		<box top='133' left='8' width='340' height='314'>
			<label>Hand</label>
		</box>
	</image>
	<image file='S1-P26-F-43-3.jpg'>
		<box top='117' left='167' width='290' height='276'>
			<label>Hand</label>
		</box>
	</image>
	<image file='S1-P27-F-30-4.jpg'>
		<box top='143' left='83' width='306' height='319'>
			<label>Hand</label>
		</box>
	</image>
	<image file='S1-P21-F-38-4.jpg'>
		<box top='188' left='164' width='245' height='237'>
			<label>Hand</label>
		</box>
	</image>
	<image file='S1-P26-F-43-1.jpg'>
		<box top='123' left='162' width='289' height='291'>
			<label>Hand</label>
		</box>
	</image>
	<image file='S1-P22-F-14-2.jpg'>
		<box top='134' left='14' width='333' height='318'>
			<label>Hand</label>
		</box>
	</image>
	<image file='S1-P22-F-14-3.jpg'>
		<box top='131' left='16' width='332' height='319'>
			<label>Hand</label>
		</box>
	</image>
	<image file='S1-P21-F-38-5.jpg'>
		<box top='185' left='175' width='247' height='240'>
			<label>Hand</label>
		</box>
	</image>
	<image file='S1-P21-F-38-1.jpg'>
		<box top='178' left='163' width='264' height='243'>
			<label>Hand</label>
		</box>
	</image>
	<image file='S1-P27-F-30-3.jpg'>
		<box top='140' left='142' width='303' height='337'>
			<label>Hand</label>
		</box>
	</image>
	<image file='S1-P26-F-43-4.jpg'>
		<box top='108' left='193' width='283' height='277'>
			<label>Hand</label>
		</box>
	</image>
	<image file='S1-P26-F-43-5.jpg'>
		<box top='110' left='219' width='270' height='282'>
			<label>Hand</label>
		</box>
	</image>
	<image file='S1-P21-F-38-2.jpg'>
		<box top='185' left='168' width='253' height='235'>
			<label>Hand</label>
		</box>
	</image>
	<image file='S1-P27-F-30-2.jpg'>
		<box top='134' left='108' width='294' height='342'>
			<label>Hand</label>
		</box>
	</image>
	<image file='S1-P22-F-14-4.jpg'>
		<box top='132' left='15' width='334' height='311'>
			<label>Hand</label>
		</box>
	</image>
	<image file='S1-P22-F-14-5.jpg'>
		<box top='137' left='36' width='348' height='306'>
			<label>Hand</label>
		</box>
	</image>
	<image file='S1-P27-F-30-1.jpg'>
		<box top='131' left='94' width='297' height='346'>
			<label>Hand</label>
		</box>
	</image>
	<image file='S1-P21-F-38-3.jpg'>
		<box top='183' left='170' width='251' height='243'>
			<label>Hand</label>
		</box>
	</image>
	<image file='S1-P25-F-48-4.jpg'>
		<box top='100' left='261' width='306' height='343'>
			<label>Hand</label>
		</box>
	</image>
	<image file='S1-P28-M-10-1.jpg'>
		<box top='94' left='48' width='327' height='355'>
			<label>Hand</label>
		</box>
	</image>
	<image file='S1-P25-F-48-5.jpg'>
		<box top='101' left='260' width='305' height='339'>
			<label>Hand</label>
		</box>
	</image>
	<image file='S1-P28-M-10-2.jpg'>
		<box top='118' left='57' width='328' height='356'>
			<label>Hand</label>
		</box>
	</image>
	<image file='S1-P28-M-10-3.jpg'>
		<box top='144' left='73' width='317' height='334'>
			<label>Hand</label>
		</box>
	</image>
	<image file='S1-P25-F-48-2.jpg'>
		<box top='105' left='267' width='299' height='330'>
			<label>Hand</label>
		</box>
	</image>
	<image file='S1-P25-F-48-3.jpg'>
		<box top='100' left='264' width='301' height='333'>
			<label>Hand</label>
		</box>
	</image>
	<image file='S1-P25-F-48-1.jpg'>
		<box top='102' left='244' width='285' height='331'>
			<label>Hand</label>
		</box>
	</image>
	<image file='S1-P28-M-10-4.jpg'>
		<box top='96' left='37' width='303' height='330'>
			<label>Hand</label>
		</box>
	</image>
	<image file='S1-P28-M-10-5.jpg'>
		<box top='101' left='53' width='244' height='334'>
			<label>Hand</label>
		</box>
	</image>
	<image file='S1-P38-F-15-1.jpg'>
		<box top='249' left='203' width='181' height='225'>
			<label>Hand</label>
		</box>
	</image>
	<image file='S1-P40-F-39-3.jpg'>
		<box top='200' left='137' width='211' height='222'>
			<label>Hand</label>
		</box>
	</image>
	<image file='S1-P40-F-39-2.jpg'>
		<box top='207' left='132' width='209' height='216'>
			<label>Hand</label>
		</box>
	</image>
	<image file='S1-P38-F-15-2.jpg'>
		<box top='258' left='166' width='207' height='215'>
			<label>Hand</label>
		</box>
	</image>
	<image file='S1-P40-F-39-1.jpg'>
		<box top='190' left='202' width='234' height='240'>
			<label>Hand</label>
		</box>
	</image>
	<image file='S1-P38-F-15-3.jpg'>
		<box top='273' left='168' width='193' height='206'>
			<label>Hand</label>
		</box>
	</image>
	<image file='S1-P40-F-39-5.jpg'>
		<box top='184' left='174' width='208' height='236'>
			<label>Hand</label>
		</box>
	</image>
	<image file='S1-P40-F-39-4.jpg'>
		<box top='216' left='125' width='208' height='204'>
			<label>Hand</label>
		</box>
	</image>
	<image file='S1-P38-F-15-4.jpg'>
		<box top='273' left='172' width='192' height='203'>
			<label>Hand</label>
		</box>
	</image>
	<image file='S1-P38-F-15-5.jpg'>
		<box top='267' left='181' width='186' height='211'>
			<label>Hand</label>
		</box>
	</image>
	<image file='S1-P36-F-23-4.jpg'>
		<box top='166' left='142' width='272' height='276'>
			<label>Hand</label>
		</box>
	</image>
	<image file='S1-P32-M-15-5.jpg'>
		<box top='252' left='206' width='186' height='171'>
			<label>Hand</label>
		</box>
	</image>
	<image file='S1-P32-M-15-4.jpg'>
		<box top='244' left='224' width='188' height='188'>
			<label>Hand</label>
		</box>
	</image>
	<image file='S1-P36-F-23-5.jpg'>
		<box top='175' left='139' width='270' height='269'>
			<label>Hand</label>
		</box>
	</image>
	<image file='S1-P35-F-36-5.jpg'>
		<box top='252' left='54' width='184' height='194'>
			<label>Hand</label>
		</box>
	</image>
	<image file='S1-P35-F-36-4.jpg'>
		<box top='288' left='114' width='177' height='187'>
			<label>Hand</label>
		</box>
	</image>
	<image file='S1-P36-F-23-2.jpg'>
		<box top='146' left='169' width='275' height='284'>
			<label>Hand</label>
		</box>
	</image>
	<image file='S1-P32-M-15-3.jpg'>
		<box top='251' left='278' width='164' height='182'>
			<label>Hand</label>
		</box>
	</image>
	<image file='S1-P35-F-36-1.jpg'>
		<box top='267' left='151' width='159' height='193'>
			<label>Hand</label>
		</box>
	</image>
	<image file='S1-P32-M-15-2.jpg'>
		<box top='245' left='240' width='177' height='184'>
			<label>Hand</label>
		</box>
	</image>
	<image file='S1-P36-F-23-3.jpg'>
		<box top='158' left='157' width='278' height='278'>
			<label>Hand</label>
		</box>
	</image>
	<image file='S1-P36-F-23-1.jpg'>
		<box top='116' left='174' width='277' height='283'>
			<label>Hand</label>
		</box>
	</image>
	<image file='S1-P35-F-36-3.jpg'>
		<box top='277' left='170' width='125' height='199'>
			<label>Hand</label>
		</box>
	</image>
	<image file='S1-P35-F-36-2.jpg'>
		<box top='264' left='169' width='161' height='198'>
			<label>Hand</label>
		</box>
	</image>
	<image file='S1-P32-M-15-1.jpg'>
		<box top='255' left='200' width='191' height='177'>
			<label>Hand</label>
		</box>
	</image>
	<image file='S1-P34-F-37-3.jpg'>
		<box top='283' left='192' width='177' height='194'>
			<label>Hand</label>
		</box>
	</image>
	<image file='S1-P33-M-6-1.jpg'>
		<box top='167' left='294' width='171' height='186'>
			<label>Hand</label>
		</box>
	</image>
	<image file='S1-P34-F-37-2.jpg'>
		<box top='275' left='194' width='199' height='203'>
			<label>Hand</label>
		</box>
	</image>
	<image file='S1-P39-F-15-4.jpg'>
		<box top='211' left='116' width='243' height='264'>
			<label>Hand</label>
		</box>
	</image>
	<image file='S1-P33-M-6-2.jpg'>
		<box top='161' left='295' width='172' height='185'>
			<label>Hand</label>
		</box>
	</image>
	<image file='S1-P33-M-6-3.jpg'>
		<box top='145' left='274' width='208' height='221'>
			<label>Hand</label>
		</box>
	</image>
	<image file='S1-P34-F-37-1.jpg'>
		<box top='275' left='205' width='190' height='202'>
			<label>Hand</label>
		</box>
	</image>
	<image file='S1-P39-F-15-5.jpg'>
		<box top='208' left='158' width='221' height='259'>
			<label>Hand</label>
		</box>
	</image>
	<image file='S1-P39-F-15-1.jpg'>
		<box top='212' left='97' width='239' height='259'>
			<label>Hand</label>
		</box>
	</image>
	<image file='S1-P34-F-37-4.jpg'>
		<box top='287' left='198' width='194' height='190'>
			<label>Hand</label>
		</box>
	</image>
	<image file='S1-P34-F-37-5.jpg'>
		<box top='286' left='201' width='189' height='191'>
			<label>Hand</label>
		</box>
	</image>
	<image file='S1-P39-F-15-2.jpg'>
		<box top='214' left='121' width='235' height='258'>
			<label>Hand</label>
		</box>
	</image>
	<image file='S1-P33-M-6-4.jpg'>
		<box top='149' left='310' width='185' height='217'>
			<label>Hand</label>
		</box>
	</image>
	<image file='S1-P33-M-6-5.jpg'>
		<box top='168' left='296' width='212' height='206'>
			<label>Hand</label>
		</box>
	</image>
	<image file='S1-P39-F-15-3.jpg'>
		<box top='220' left='151' width='228' height='251'>
			<label>Hand</label>
		</box>
	</image>
	<image file='S1-P37-F-38-1.jpg'>
		<box top='173' left='144' width='197' height='248'>
			<label>Hand</label>
		</box>
	</image>
	<image file='S1-P31-F-36-5.jpg'>
		<box top='162' left='222' width='293' height='258'>
			<label>Hand</label>
		</box>
	</image>
	<image file='S1-P31-F-36-4.jpg'>
		<box top='157' left='224' width='301' height='258'>
			<label>Hand</label>
		</box>
	</image>
	<image file='S1-P37-F-38-2.jpg'>
		<box top='207' left='125' width='194' height='230'>
			<label>Hand</label>
		</box>
	</image>
	<image file='S1-P37-F-38-3.jpg'>
		<box top='225' left='115' width='202' height='213'>
			<label>Hand</label>
		</box>
	</image>
	<image file='S1-P31-F-36-3.jpg'>
		<box top='157' left='240' width='309' height='260'>
			<label>Hand</label>
		</box>
	</image>
	<image file='S1-P31-F-36-2.jpg'>
		<box top='158' left='261' width='303' height='269'>
			<label>Hand</label>
		</box>
	</image>
	<image file='S1-P37-F-38-4.jpg'>
		<box top='219' left='162' width='245' height='238'>
			<label>Hand</label>
		</box>
	</image>
	<image file='S1-P31-F-36-1.jpg'>
		<box top='136' left='249' width='313' height='281'>
			<label>Hand</label>
		</box>
	</image>
	<image file='S1-P37-F-38-5.jpg'>
		<box top='221' left='162' width='239' height='234'>
			<label>Hand</label>
		</box>
	</image>
	<image file='S1-P43-M-15-5.jpg'>
		<box top='210' left='237' width='218' height='260'>
			<label>Hand</label>
		</box>
	</image>
	<image file='S1-P43-M-15-4.jpg'>
		<box top='196' left='224' width='219' height='265'>
			<label>Hand</label>
		</box>
	</image>
	<image file='S1-P43-M-15-1.jpg'>
		<box top='151' left='136' width='255' height='242'>
			<label>Hand</label>
		</box>
	</image>
	<image file='S1-P43-M-15-3.jpg'>
		<box top='164' left='152' width='252' height='256'>
			<label>Hand</label>
		</box>
	</image>
	<image file='S1-P43-M-15-2.jpg'>
		<box top='138' left='133' width='256' height='247'>
			<label>Hand</label>
		</box>
	</image>
	<image file='S1-P50-M-15-5.jpg'>
		<box top='161' left='87' width='251' height='255'>
			<label>Hand</label>
		</box>
	</image>
	<image file='S1-P50-M-15-4.jpg'>
		<box top='140' left='97' width='253' height='269'>
			<label>Hand</label>
		</box>
	</image>
	<image file='S1-P50-M-15-3.jpg'>
		<box top='144' left='94' width='247' height='262'>
			<label>Hand</label>
		</box>
	</image>
	<image file='S1-P50-M-15-2.jpg'>
	</image>
	<image file='S1-P50-M-15-1.jpg'>
		<box top='140' left='108' width='200' height='275'>
			<label>Hand</label>
		</box>
	</image>
	<image file='S1-P49-F-26-4.jpg'>
		<box top='223' left='344' width='161' height='236'>
			<label>Hand</label>
		</box>
	</image>
	<image file='S1-P42-F-15-3.jpg'>
		<box top='121' left='120' width='243' height='270'>
			<label>Hand</label>
		</box>
	</image>
	<image file='S1-P42-F-15-2.jpg'>
		<box top='124' left='126' width='243' height='276'>
			<label>Hand</label>
		</box>
	</image>
	<image file='S1-P49-F-26-5.jpg'>
		<box top='188' left='308' width='165' height='248'>
			<label>Hand</label>
		</box>
	</image>
	<image file='S1-P46-M-59-1.jpg'>
		<box top='212' left='110' width='236' height='232'>
			<label>Hand</label>
		</box>
	</image>
	<image file='S1-P46-M-59-3.jpg'>
		<box top='226' left='89' width='221' height='216'>
			<label>Hand</label>
		</box>
	</image>
	<image file='S1-P48-F-48-5.jpg'>
		<box top='139' left='162' width='280' height='285'>
			<label>Hand</label>
		</box>
	</image>
	<image file='S1-P45-M-30-5.jpg'>
		<box top='65' left='86' width='341' height='392'>
			<label>Hand</label>
		</box>
	</image>
	<image file='S1-P42-F-15-1.jpg'>
		<box top='126' left='119' width='250' height='277'>
			<label>Hand</label>
		</box>
	</image>
	<image file='S1-P45-M-30-4.jpg'>
		<box top='73' left='5' width='393' height='400'>
			<label>Hand</label>
		</box>
	</image>
	<image file='S1-P48-F-48-4.jpg'>
		<box top='140' left='165' width='269' height='285'>
			<label>Hand</label>
		</box>
	</image>
	<image file='S1-P46-M-59-2.jpg'>
		<box top='224' left='97' width='229' height='222'>
			<label>Hand</label>
		</box>
	</image>
	<image file='S1-P48-F-48-1 ‫.jpg'>
		<box top='134' left='205' width='263' height='294'>
			<label>Hand</label>
		</box>
	</image>
	<image file='S1-P49-F-26-2.jpg'>
		<box top='198' left='287' width='195' height='257'>
			<label>Hand</label>
		</box>
	</image>
	<image file='S1-P42-F-15-5.jpg'>
		<box top='132' left='104' width='238' height='262'>
			<label>Hand</label>
		</box>
	</image>
	<image file='S1-P42-F-15-4.jpg'>
		<box top='128' left='131' width='234' height='274'>
			<label>Hand</label>
		</box>
	</image>
	<image file='S1-P45-M-30-1.jpg'>
		<box top='81' left='94' width='343' height='397'>
			<label>Hand</label>
		</box>
	</image>
	<image file='S1-P49-F-26-3.jpg'>
		<box top='197' left='321' width='177' height='247'>
			<label>Hand</label>
		</box>
	</image>
	<image file='S1-P48-F-48-3.jpg'>
		<box top='135' left='173' width='271' height='295'>
			<label>Hand</label>
		</box>
	</image>
	<image file='S1-P46-M-59-5.jpg'>
		<box top='220' left='114' width='235' height='237'>
			<label>Hand</label>
		</box>
	</image>
	<image file='S1-P49-F-26-1.jpg'>
		<box top='204' left='318' width='170' height='243'>
			<label>Hand</label>
		</box>
	</image>
	<image file='S1-P45-M-30-3.jpg'>
		<box top='60' left='80' width='348' height='407'>
			<label>Hand</label>
		</box>
	</image>
	<image file='S1-P45-M-30-2.jpg'>
		<box top='69' left='84' width='375' height='410'>
			<label>Hand</label>
		</box>
	</image>
	<image file='S1-P46-M-59-4.jpg'>
		<box top='222' left='87' width='237' height='222'>
			<label>Hand</label>
		</box>
	</image>
	<image file='S1-P48-F-48-2.jpg'>
		<box top='132' left='199' width='264' height='289'>
			<label>Hand</label>
		</box>
	</image>
	<image file='S1-P47-M-32-5.jpg'>
		<box top='143' left='313' width='246' height='291'>
			<label>Hand</label>
		</box>
	</image>
	<image file='S1-P44-M-42-2.jpg'>
		<box top='216' left='289' width='225' height='240'>
			<label>Hand</label>
		</box>
	</image>
	<image file='S1-P41-F-27-1.jpg'>
		<box top='171' left='76' width='274' height='267'>
			<label>Hand</label>
		</box>
	</image>
	<image file='S1-P44-M-42-3.jpg'>
		<box top='227' left='243' width='236' height='245'>
			<label>Hand</label>
		</box>
	</image>
	<image file='S1-P47-M-32-4.jpg'>
		<box top='139' left='292' width='266' height='295'>
			<label>v</label>
		</box>
	</image>
	<image file='S1-P44-M-42-1.jpg'>
		<box top='223' left='254' width='224' height='243'>
			<label>Hand</label>
		</box>
	</image>
	<image file='S1-P41-F-27-2.jpg'>
		<box top='205' left='106' width='268' height='264'>
			<label>Hand</label>
		</box>
	</image>
	<image file='S1-P41-F-27-3.jpg'>
		<box top='212' left='105' width='263' height='255'>
			<label>Hand</label>
		</box>
	</image>
	<image file='S1-P47-M-32-3.jpg'>
		<box top='140' left='278' width='283' height='291'>
			<label>Hand</label>
		</box>
	</image>
	<image file='S1-P44-M-42-4.jpg'>
		<box top='219' left='269' width='239' height='244'>
			<label>Hand</label>
		</box>
	</image>
	<image file='S1-P44-M-42-5.jpg'>
		<box top='220' left='267' width='241' height='242'>
			<label>Hand</label>
		</box>
	</image>
	<image file='S1-P47-M-32-2.jpg'>
		<box top='143' left='271' width='277' height='290'>
			<label>Hand</label>
		</box>
	</image>
	<image file='S1-P41-F-27-4.jpg'>
		<box top='182' left='178' width='277' height='254'>
			<label>Hand</label>
		</box>
	</image>
	<image file='S1-P41-F-27-5.jpg'>
		<box top='183' left='154' width='273' height='251'>
			<label>Hand</label>
		</box>
		<box top='313' left='431' width='4' height='0'>
			<label>unlabelled</label>
		</box>
	</image>
	<image file='S1-P47-M-32-1.jpg'>
		<box top='159' left='265' width='281' height='270'>
			<label>Hand</label>
		</box>
	</image>
	<image file='S1-P57-M-11-5.jpg'>
		<box top='56' left='209' width='366' height='382'>
			<label>Hand</label>
		</box>
	</image>
	<image file='S1-P57-M-11-4.jpg'>
		<box top='52' left='187' width='382' height='387'>
			<label>unlabeHandlled</label>
		</box>
	</image>
	<image file='S1-P57-M-11-3.jpg'>
		<box top='11' left='106' width='513' height='468'>
			<label>Hand</label>
		</box>
	</image>
	<image file='S1-P57-M-11-2.jpg'>
		<box top='0' left='95' width='523' height='478'>
			<label>Hand</label>
		</box>
	</image>
	<image file='S1-P57-M-11-1.jpg'>
		<box top='11' left='82' width='490' height='467'>
			<label>Hand</label>
		</box>
	</image>
	<image file='S1-P55-M-11-4.jpg'>
		<box top='3' left='145' width='417' height='429'>
			<label>Hand</label>
		</box>
	</image>
	<image file='S1-P60-M-12-4.jpg'>
		<box top='131' left='284' width='339' height='327'>
			<label>Hand</label>
		</box>
	</image>
	<image file='S1-P60-M-12-5.jpg'>
		<box top='132' left='282' width='335' height='339'>
			<label>Hand</label>
		</box>
	</image>
	<image file='S1-P55-M-11-5.jpg'>
		<box top='13' left='128' width='421' height='438'>
			<label>Hand</label>
		</box>
	</image>
	<image file='S1-P52-M-14-4.jpg'>
		<box top='53' left='282' width='355' height='372'>
			<label>Hand</label>
		</box>
	</image>
	<image file='S1-P58-M-11-4.jpg'>
		<box top='53' left='222' width='417' height='324'>
			<label>Hand</label>
		</box>
	</image>
	<image file='S1-P58-M-11-5.jpg'>
		<box top='2' left='185' width='453' height='364'>
			<label>Hand</label>
		</box>
	</image>
	<image file='S1-P52-M-14-5.jpg'>
		<box top='51' left='249' width='380' height='362'>
			<label>Hand</label>
		</box>
	</image>
	<image file='S1-P52-M-14-1.jpg'>
		<box top='37' left='258' width='339' height='343'>
			<label>Hand</label>
		</box>
	</image>
	<image file='S1-P55-M-11-2.jpg'>
		<box top='41' left='132' width='407' height='376'>
			<label>Hand</label>
		</box>
	</image>
	<image file='S1-P60-M-12-2.jpg'>
		<box top='75' left='280' width='327' height='371'>
			<label>Hand</label>
		</box>
	</image>
	<image file='S1-P58-M-11-1.jpg'>
		<box top='46' left='185' width='453' height='363'>
			<label>Hand</label>
		</box>
	</image>
	<image file='S1-P60-M-12-3.jpg'>
		<box top='119' left='281' width='315' height='313'>
			<label>Hand</label>
		</box>
	</image>
	<image file='S1-P55-M-11-3.jpg'>
		<box top='36' left='131' width='412' height='389'>
			<label>Hand</label>
		</box>
	</image>
	<image file='S1-P52-M-14-2.jpg'>
		<box top='77' left='258' width='336' height='350'>
			<label>Hand</label>
		</box>
	</image>
	<image file='S1-P55-M-11-1.jpg'>
		<box top='0' left='114' width='461' height='471'>
			<label>Hand</label>
		</box>
	</image>
	<image file='S1-P60-M-12-1.jpg'>
		<box top='95' left='284' width='338' height='335'>
			<label>Hand</label>
		</box>
	</image>
	<image file='S1-P58-M-11-2.jpg'>
		<box top='54' left='179' width='456' height='364'>
			<label>Hand</label>
		</box>
	</image>
	<image file='S1-P58-M-11-3.jpg'>
		<box top='33' left='191' width='447' height='393'>
			<label>Hand</label>
		</box>
	</image>
	<image file='S1-P52-M-14-3.jpg'>
		<box top='81' left='298' width='340' height='341'>
			<label>Hand</label>
		</box>
	</image>
	<image file='S1-P56-M-11-3.jpg'>
		<box top='74' left='292' width='347' height='404'>
			<label>Hand</label>
		</box>
	</image>
	<image file='S1-P56-M-11-2.jpg'>
		<box top='102' left='280' width='357' height='376'>
			<label>Hand</label>
		</box>
	</image>
	<image file='S1-P51-M-12-5.jpg'>
		<box top='39' left='189' width='421' height='382'>
			<label>Hand</label>
		</box>
	</image>
	<image file='S1-P51-M-12-4.jpg'>
		<box top='47' left='187' width='410' height='365'>
			<label>Hand</label>
		</box>
	</image>
	<image file='S1-P56-M-11-1.jpg'>
		<box top='79' left='285' width='348' height='390'>
			<label>Hand</label>
		</box>
	</image>
	<image file='S1-P56-M-11-5.jpg'>
		<box top='75' left='287' width='349' height='404'>
			<label>Hand</label>
		</box>
	</image>
	<image file='S1-P51-M-12-1.jpg'>
		<box top='75' left='317' width='314' height='266'>
			<label>Hand</label>
		</box>
	</image>
	<image file='S1-P56-M-11-4.jpg'>
		<box top='71' left='284' width='352' height='408'>
			<label>Hand</label>
		</box>
	</image>
	<image file='S1-P51-M-12-3.jpg'>
		<box top='43' left='192' width='436' height='362'>
			<label>Hand</label>
		</box>
	</image>
	<image file='S1-P51-M-12-2.jpg'>
		<box top='22' left='168' width='461' height='404'>
			<label>Hand</label>
		</box>
	</image>
	<image file='S1-P53-M-10-5.jpg'>
		<box top='63' left='227' width='381' height='416'>
			<label>Hand</label>
		</box>
	</image>
	<image file='S1-P59-M-11-1.jpg'>
		<box top='15' left='269' width='350' height='438'>
			<label>Hand</label>
		</box>
	</image>
	<image file='S1-P54-M-11-2.jpg'>
		<box top='89' left='257' width='346' height='292'>
			<label>Hand</label>
		</box>
	</image>
	<image file='S1-P54-M-11-3.jpg'>
		<box top='103' left='256' width='343' height='289'>
			<label>Hand</label>
		</box>
	</image>
	<image file='S1-P53-M-10-4.jpg'>
		<box top='30' left='213' width='380' height='443'>
			<label>Hand</label>
		</box>
	</image>
	<image file='S1-P54-M-11-1.jpg'>
		<box top='91' left='258' width='347' height='283'>
			<label>Hand</label>
		</box>
	</image>
	<image file='S1-P59-M-11-2.jpg'>
		<box top='61' left='360' width='278' height='353'>
			<label>Hand</label>
		</box>
	</image>
	<image file='S1-P59-M-11-3.jpg'>
		<box top='49' left='316' width='320' height='356'>
			<label>Hand</label>
		</box>
	</image>
	<image file='S1-P53-M-10-3.jpg'>
		<box top='45' left='303' width='338' height='398'>
			<label>Hand</label>
		</box>
	</image>
	<image file='S1-P54-M-11-5.jpg'>
		<box top='64' left='251' width='367' height='336'>
			<label>Hand</label>
		</box>
	</image>
	<image file='S1-P54-M-11-4.jpg'>
		<box top='90' left='251' width='357' height='311'>
			<label>Hand</label>
		</box>
	</image>
	<image file='S1-P53-M-10-2.jpg'>
		<box top='106' left='292' width='344' height='371'>
			<label>Hand</label>
		</box>
	</image>
	<image file='S1-P59-M-11-4.jpg'>
		<box top='57' left='319' width='318' height='342'>
			<label>Hand</label>
		</box>
	</image>
	<image file='S1-P59-M-11-5.jpg'>
		<box top='49' left='286' width='311' height='339'>
			<label>Hand</label>
		</box>
	</image>
	<image file='S1-P53-M-10-1.jpg'>
		<box top='149' left='307' width='270' height='316'>
			<label> Hand</label>
		</box>
	</image>
	<image file='S1-P65-M-13-2.jpg'>
		<box top='25' left='54' width='538' height='441'>
			<label>Hand</label>
		</box>
	</image>
	<image file='S1-P62-M-12-5.jpg'>
		<box top='160' left='303' width='335' height='312'>
			<label>Hand</label>
		</box>
	</image>
	<image file='S1-P68-M-13-1.jpg'>
		<box top='152' left='384' width='237' height='205'>
			<label>Hand</label>
		</box>
	</image>
	<image file='S1-P62-M-12-4.jpg'>
		<box top='173' left='303' width='335' height='287'>
			<label>Hand</label>
		</box>
	</image>
	<image file='S1-P65-M-13-3.jpg'>
		<box top='27' left='51' width='546' height='418'>
			<label>Hand</label>
		</box>
	</image>
	<image file='S1-P65-M-13-1.jpg'>
		<box top='21' left='51' width='531' height='433'>
			<label>Hand</label>
		</box>
	</image>
	<image file='S1-P68-M-13-2.jpg'>
		<box top='106' left='384' width='246' height='240'>
			<label>Hand</label>
		</box>
	</image>
	<image file='S1-P68-M-13-3.jpg'>
		<box top='105' left='388' width='244' height='237'>
			<label>Hand</label>
		</box>
	</image>
	<image file='S1-P65-M-13-4.jpg'>
		<box top='1' left='102' width='535' height='442'>
			<label>Hand</label>
		</box>
	</image>
	<image file='S1-P62-M-12-3.jpg'>
		<box top='162' left='302' width='337' height='290'>
			<label>Hand</label>
		</box>
	</image>
	<image file='S1-P62-M-12-2.jpg'>
		<box top='166' left='309' width='327' height='283'>
			<label>Hand</label>
		</box>
	</image>
	<image file='S1-P65-M-13-5.jpg'>
		<box top='0' left='114' width='524' height='441'>
			<label>Hand</label>
		</box>
	</image>
	<image file='S1-P68-M-13-4.jpg'>
		<box top='110' left='391' width='246' height='239'>
			<label>Hand</label>
		</box>
	</image>
	<image file='S1-P68-M-13-5.jpg'>
		<box top='160' left='397' width='236' height='212'>
			<label>Hand</label>
		</box>
	</image>
	<image file='S1-P62-M-12-1.jpg'>
		<box top='178' left='304' width='332' height='278'>
			<label>Hand</label>
		</box>
	</image>
	<image file='S1-P67-M-13-3.jpg'>
		<box top='1' left='173' width='437' height='420'>
			<label>Hand</label>
		</box>
	</image>
	<image file='S1-P67-M-13-2.jpg'>
		<box top='41' left='208' width='412' height='423'>
			<label>Hand</label>
		</box>
	</image>
	<image file='S1-P67-M-13-1.jpg'>
		<box top='54' left='229' width='390' height='394'>
			<label>Hand</label>
		</box>
	</image>
	<image file='S1-P67-M-13-5.jpg'>
		<box top='85' left='257' width='313' height='350'>
			<label>Hand</label>
		</box>
	</image>
	<image file='S1-P67-M-13-4.jpg'>
		<box top='93' left='210' width='348' height='367'>
			<label>Hand</label>
		</box>
	</image>
	<image file='S1-P63-M-12-3.jpg'>
		<box top='122' left='269' width='370' height='356'>
			<label>Hand</label>
		</box>
	</image>
	<image file='S1-P61-M-13-1.jpg'>
		<box top='89' left='224' width='360' height='388'>
			<label>Hand</label>
		</box>
	</image>
	<image file='S1-P70-M-13-3.jpg'>
		<box top='127' left='236' width='339' height='350'>
			<label>Hand</label>
		</box>
	</image>
	<image file='S1-P70-M-13-2.jpg'>
		<box top='55' left='238' width='321' height='366'>
			<label>Hand</label>
		</box>
	</image>
	<image file='S1-P63-M-12-2.jpg'>
		<box top='91' left='246' width='386' height='369'>
			<label>Hand</label>
		</box>
	</image>
	<image file='S1-P61-M-13-2.jpg'>
		<box top='154' left='224' width='362' height='320'>
			<label>Hand</label>
		</box>
	</image>
	<image file='S1-P69-M-13-4.jpg'>
		<box top='87' left='270' width='350' height='300'>
			<label>Hand</label>
		</box>
	</image>
	<image file='S1-P69-M-13-5.jpg'>
		<box top='107' left='306' width='330' height='294'>
			<label>Hand</label>
		</box>
	</image>
	<image file='S1-P70-M-13-1.jpg'>
		<box top='94' left='224' width='320' height='379'>
			<label>Hand</label>
		</box>
	</image>
	<image file='S1-P61-M-13-3.jpg'>
		<box top='99' left='220' width='376' height='379'>
			<label>Hand</label>
		</box>
	</image>
	<image file='S1-P63-M-12-1.jpg'>
		<box top='133' left='231' width='396' height='343'>
			<label>Hand</label>
		</box>
	</image>
	<image file='S1-P63-M-12-5.jpg'>
		<box top='50' left='185' width='417' height='382'>
			<label>Hand</label>
		</box>
	</image>
	<image file='S1-P70-M-13-5.jpg'>
		<box top='68' left='240' width='338' height='387'>
			<label>Hand</label>
		</box>
	</image>
	<image file='S1-P69-M-13-1.jpg'>
		<box top='91' left='272' width='344' height='303'>
			<label>Hand</label>
		</box>
	</image>
	<image file='S1-P70-M-13-4.jpg'>
		<box top='137' left='244' width='328' height='335'>
			<label>Hand</label>
		</box>
	</image>
	<image file='S1-P63-M-12-4.jpg'>
		<box top='102' left='168' width='434' height='368'>
			<label>Hand</label>
		</box>
	</image>
	<image file='S1-P61-M-13-4.jpg'>
		<box top='168' left='218' width='373' height='311'>
			<label>Hand</label>
		</box>
	</image>
	<image file='S1-P69-M-13-2.jpg'>
		<box top='105' left='270' width='335' height='304'>
			<label>Hand</label>
		</box>
	</image>
	<image file='S1-P69-M-13-3.jpg'>
		<box top='106' left='270' width='332' height='297'>
			<label>Hand</label>
		</box>
	</image>
	<image file='S1-P61-M-13-5.jpg'>
		<box top='98' left='252' width='371' height='362'>
			<label>Hand</label>
		</box>
	</image>
	<image file='S1-P66-M-13-5.jpg'>
		<box top='1' left='211' width='391' height='450'>
			<label>Hand</label>
		</box>
	</image>
	<image file='S1-P66-M-13-4.jpg'>
		<box top='23' left='210' width='383' height='455'>
			<label>Hand</label>
		</box>
	</image>
	<image file='S1-P64-M-12-4.jpg'>
		<box top='51' left='339' width='285' height='264'>
			<label>Hand</label>
		</box>
	</image>
	<image file='S1-P64-M-12-5.jpg'>
		<box top='86' left='358' width='273' height='282'>
			<label>Hand</label>
		</box>
	</image>
	<image file='S1-P64-M-12-1.jpg'>
		<box top='76' left='366' width='271' height='267'>
			<label>Hand</label>
		</box>
	</image>
	<image file='S1-P66-M-13-3.jpg'>
		<box top='13' left='211' width='368' height='448'>
			<label>Hand</label>
		</box>
	</image>
	<image file='S1-P66-M-13-2.jpg'>
		<box top='0' left='63' width='573' height='470'>
			<label>Hand</label>
		</box>
		<box top='451' left='390' width='9' height='20'>
			<label>unlabelled</label>
		</box>
	</image>
	<image file='S1-P64-M-12-2.jpg'>
		<box top='106' left='321' width='272' height='253'>
			<label>Hand</label>
		</box>
	</image>
	<image file='S1-P66-M-13-1.jpg'>
		<box top='0' left='76' width='560' height='478'>
			<label>Hand</label>
		</box>
	</image>
	<image file='S1-P64-M-12-3.jpg'>
		<box top='88' left='326' width='284' height='254'>
			<label>Hand</label>
		</box>
	</image>
	<image file='S1-P79-M-15-5.jpg'>
		<box top='33' left='174' width='409' height='392'>
			<label>Hand</label>
		</box>
	</image>
	<image file='S1-P73-M-14-1.jpg'>
		<box top='82' left='221' width='365' height='333'>
			<label>Hand</label>
		</box>
	</image>
	<image file='S1-P76-M-14-4.jpg'>
		<box top='61' left='184' width='389' height='352'>
			<label>Hand</label>
		</box>
	</image>
	<image file='S1-P76-M-14-5.jpg'>
		<box top='71' left='189' width='390' height='328'>
			<label>Hand</label>
		</box>
	</image>
	<image file='S1-P79-M-15-4.jpg'>
		<box top='51' left='166' width='391' height='388'>
			<label>Hand</label>
		</box>
	</image>
	<image file='S1-P73-M-14-2.jpg'>
		<box top='16' left='210' width='362' height='319'>
			<label>Hand</label>
		</box>
	</image>
	<image file='S1-P73-M-14-3.jpg'>
		<box top='76' left='251' width='355' height='319'>
			<label>Hand</label>
		</box>
	</image>
	<image file='S1-P79-M-15-3.jpg'>
		<box top='43' left='168' width='393' height='396'>
			<label>Hand</label>
		</box>
	</image>
	<image file='S1-P76-M-14-2.jpg'>
		<box top='50' left='177' width='381' height='412'>
			<label>Hand</label>
		</box>
	</image>
	<image file='S1-P76-M-14-3.jpg'>
		<box top='56' left='181' width='383' height='401'>
			<label>Hand</label>
		</box>
	</image>
	<image file='S1-P79-M-15-2.jpg'>
		<box top='89' left='152' width='406' height='370'>
			<label>Hand</label>
		</box>
	</image>
	<image file='S1-P73-M-14-4.jpg'>
		<box top='84' left='293' width='339' height='329'>
			<label>Hand</label>
		</box>
	</image>
	<image file='S1-P76-M-14-1.jpg'>
		<box top='96' left='187' width='364' height='377'>
			<label>Hand</label>
		</box>
	</image>
	<image file='S1-P73-M-14-5.jpg'>
		<box top='135' left='284' width='347' height='331'>
			<label>Hand</label>
		</box>
	</image>
	<image file='S1-P79-M-15-1.jpg'>
		<box top='86' left='151' width='417' height='377'>
			<label>Hand</label>
		</box>
	</image>
	<image file='S1-P74-M-14-5.jpg'>
		<box top='141' left='241' width='333' height='314'>
			<label>Hand</label>
		</box>
	</image>
	<image file='S1-P71-M-14-1.jpg'>
		<box top='46' left='182' width='450' height='349'>
			<label>Hand</label>
		</box>
	</image>
	<image file='S1-P74-M-14-4.jpg'>
		<box top='144' left='226' width='327' height='264'>
			<label>Hand</label>
		</box>
	</image>
	<image file='S1-P71-M-14-3.jpg'>
		<box top='20' left='194' width='435' height='341'>
			<label>Hand</label>
		</box>
	</image>
	<image file='S1-P71-M-14-2.jpg'>
		<box top='47' left='178' width='442' height='350'>
			<label>Hand</label>
		</box>
	</image>
	<image file='S1-P74-M-14-3.jpg'>
		<box top='136' left='205' width='329' height='273'>
			<label>Hand</label>
		</box>
	</image>
	<image file='S1-P74-M-14-2.jpg'>
		<box top='154' left='181' width='339' height='319'>
			<label>Hand</label>
		</box>
	</image>
	<image file='S1-P71-M-14-5.jpg'>
		<box top='93' left='240' width='337' height='315'>
			<label>Hand</label>
		</box>
	</image>
	<image file='S1-P74-M-14-1.jpg'>
		<box top='155' left='167' width='342' height='316'>
			<label>Hand</label>
		</box>
	</image>
	<image file='S1-P78-M-15-3.jpg'>
		<box top='89' left='211' width='389' height='367'>
			<label>Hand</label>
		</box>
	</image>
	<image file='S1-P78-M-15-2.jpg'>
		<box top='125' left='256' width='364' height='337'>
			<label>Hand</label>
		</box>
	</image>
	<image file='S1-P72-M-14-4.jpg'>
		<box top='75' left='310' width='267' height='295'>
			<label>Hand</label>
		</box>
	</image>
	<image file='S1-P72-M-14-5.jpg'>
		<box top='95' left='307' width='255' height='277'>
			<label>Hand</label>
		</box>
	</image>
	<image file='S1-P78-M-15-1.jpg'>
		<box top='153' left='255' width='353' height='299'>
			<label>Hand</label>
		</box>
	</image>
	<image file='S1-P78-M-15-5.jpg'>
		<box top='16' left='180' width='466' height='466'>
			<label>Hand</label>
		</box>
	</image>
	<image file='S1-P72-M-14-1.jpg'>
		<box top='88' left='312' width='279' height='308'>
			<label>Hand</label>
		</box>
	</image>
	<image file='S1-P78-M-15-4.jpg'>
		<box top='41' left='205' width='403' height='398'>
			<label>Hand</label>
		</box>
	</image>
	<image file='S1-P72-M-14-2.jpg'>
		<box top='41' left='356' width='271' height='322'>
			<label>Hand</label>
		</box>
	</image>
	<image file='S1-P72-M-14-3.jpg'>
		<box top='90' left='311' width='271' height='304'>
			<label>Hand</label>
		</box>
	</image>
	<image file='S1-P75-M-14-3.jpg'>
		<box top='2' left='201' width='437' height='474'>
			<label>Hand</label>
		</box>
	</image>
	<image file='S1-P77-M-15-1.jpg'>
		<box top='12' left='241' width='391' height='376'>
			<label>Hand</label>
		</box>
	</image>
	<image file='S1-P75-M-14-2.jpg'>
		<box top='11' left='216' width='422' height='443'>
			<label>Hand</label>
		</box>
	</image>
	<image file='S1-P80-M-15-4.jpg'>
		<box top='90' left='287' width='319' height='332'>
			<label>Hand</label>
		</box>
	</image>
	<image file='S1-P77-M-15-2.jpg'>
		<box top='55' left='255' width='363' height='339'>
			<label>Hand</label>
		</box>
	</image>
	<image file='S1-P77-M-15-3.jpg'>
		<box top='15' left='288' width='321' height='419'>
			<label>Hand</label>
		</box>
	</image>
	<image file='S1-P75-M-14-1.jpg'>
		<box top='37' left='212' width='427' height='419'>
			<label>Hand</label>
		</box>
	</image>
	<image file='S1-P80-M-15-5.jpg'>
		<box top='146' left='302' width='285' height='255'>
			<label>Hand</label>
		</box>
	</image>
	<image file='S1-P80-M-15-1.jpg'>
		<box top='147' left='347' width='262' height='280'>
			<label>Hand</label>
		</box>
	</image>
	<image file='S1-P71-M-14-4-.jpg'>
		<box top='2' left='177' width='461' height='421'>
			<label>Hand</label>
		</box>
	</image>
	<image file='S1-P75-M-14-5.jpg'>
		<box top='49' left='238' width='401' height='356'>
			<label>Hand</label>
		</box>
	</image>
	<image file='S1-P75-M-14-4.jpg'>
		<box top='1' left='215' width='418' height='471'>
			<label>Hand</label>
		</box>
	</image>
	<image file='S1-P80-M-15-2.jpg'>
		<box top='109' left='318' width='296' height='323'>
			<label>Hand</label>
		</box>
	</image>
	<image file='S1-P77-M-15-4.jpg'>
		<box top='30' left='270' width='333' height='432'>
			<label>Hand</label>
		</box>
	</image>
	<image file='S1-P77-M-15-5.jpg'>
		<box top='5' left='221' width='365' height='436'>
			<label>Hand</label>
		</box>
	</image>
	<image file='S1-P80-M-15-3.jpg'>
		<box top='82' left='287' width='334' height='335'>
			<label>Hand</label>
		</box>
	</image>
</images></dataset>